cell_uid,batch,source_index,cycle_life_provided,policy,n_cycles_recorded,last_cycle,end_QD,curve_summary_aligned,same_voltage_axis
b1c000,Batch 1,0,1190.0,3.6C(80%)-3.6C,1189,1189,1.0262098,True,True
b1c001,Batch 1,1,1179.0,3.6C(80%)-3.6C,1178,1178,1.0382246,True,True
b1c002,Batch 1,2,1177.0,3.6C(80%)-3.6C,1176,1176,1.0432786,True,True
b1c003,Batch 1,3,1226.0,4C(80%)-4C,1225,1225,0.97092122,True,True
b1c004,Batch 1,4,1227.0,4C(80%)-4C,1226,1226,1.0219597,True,True
b1c005,Batch 1,5,1074.0,4.4C(80%)-4.4C,1073,1073,0.88053626,True,True
b1c006,Batch 1,6,636.0,4.8C(80%)-4.8C,635,635,0.8800565,True,True
b1c007,Batch 1,7,870.0,4.8C(80%)-4.8C,869,869,0.88110596,True,True
b1c008,Batch 1,8,879.0,5.4C(40%)-3.6C,878,878,0.96902454,True,True
b1c009,Batch 1,9,1054.0,5.4C(40%)-3.6C,1053,1053,0.8809284,True,True
b1c010,Batch 1,10,906.0,5.4C(50%)-3C,905,905,0.96101874,True,True
b1c011,Batch 1,11,788.0,5.4C(50%)-3C,787,787,0.88054359,True,True
b1c012,Batch 1,12,902.0,5.4C(50%)-3.6C,901,901,0.91311944,True,True
b1c013,Batch 1,13,897.0,5.4C(50%)-3.6C,896,896,0.92313582,True,True
b1c014,Batch 1,14,880.0,5.4C(60%)-3C,879,879,0.8800649,True,True
b1c015,Batch 1,15,719.0,5.4C(60%)-3C,718,718,0.88298881,True,True
b1c016,Batch 1,16,862.0,5.4C(60%)-3.6C,861,861,0.88096577,True,True
b1c017,Batch 1,17,857.0,5.4C(60%)-3.6C,856,856,0.8832469,True,True
b1c018,Batch 1,18,691.0,5.4C(70%)-3C,690,690,0.88114411,True,True
b1c019,Batch 1,19,788.0,5.4C(70%)-3C,787,787,0.88093972,True,True
b1c020,Batch 1,20,534.0,5.4C(80%)-5.4C,533,533,0.88078493,True,True
b1c021,Batch 1,21,559.0,5.4C(80%)-5.4C,558,558,0.88016534,True,True
b1c022,Batch 1,22,891.0,6C(30%)-3.6C,890,890,0.96327895,True,True
b1c023,Batch 1,23,1014.0,6C(30%)-3.6C,1013,1013,0.88066453,True,True
b1c024,Batch 1,24,1017.0,6C(40%)-3C,1016,1016,0.88046598,True,True
b1c025,Batch 1,25,854.0,6C(40%)-3C,853,853,0.88019997,True,True
b1c026,Batch 1,26,870.0,6C(40%)-3.6C,869,869,0.88105017,True,True
b1c027,Batch 1,27,842.0,6C(40%)-3.6C,841,841,0.88130057,True,True
b1c028,Batch 1,28,860.0,6C(50%)-3C,859,859,0.88058227,True,True
b1c029,Batch 1,29,917.0,6C(50%)-3C,916,916,0.88035375,True,True
b1c030,Batch 1,30,709.0,6C(50%)-3.6C,708,708,0.88054287,True,True
b1c031,Batch 1,31,876.0,6C(50%)-3.6C,875,875,0.88099223,True,True
b1c032,Batch 1,32,731.0,6C(60%)-3C,730,730,0.88080907,True,True
b1c033,Batch 1,33,757.0,6C(60%)-3C,756,756,0.88011229,True,True
b1c034,Batch 1,34,742.0,7C(30%)-3.6C,741,741,0.88205445,True,True
b1c035,Batch 1,35,703.0,7C(30%)-3.6C,702,702,0.8802399,True,True
b1c036,Batch 1,36,704.0,7C(40%)-3C,703,703,0.88231802,True,True
b1c037,Batch 1,37,648.0,7C(40%)-3C,647,647,0.88336319,True,True
b1c038,Batch 1,38,617.0,7C(40%)-3.6C,616,616,0.88110942,True,True
b1c039,Batch 1,39,625.0,7C(40%)-3.6C,624,624,0.88011074,True,True
b1c040,Batch 1,40,966.0,8C(15%)-3.6C,965,965,0.88060951,True,True
b1c041,Batch 1,41,1051.0,8C(15%)-3.6C,1050,1050,0.88106161,True,True
b1c042,Batch 1,42,702.0,8C(25%)-3.6C,701,701,0.88035142,True,True
b1c043,Batch 1,43,651.0,8C(25%)-3.6C,650,650,0.88044435,True,True
b1c044,Batch 1,44,616.0,8C(35%)-3.6C,615,615,0.88048309,True,True
b1c045,Batch 1,45,599.0,8C(35%)-3.6C,598,598,0.88104212,True,True
b2c000,Batch 2,0,477.0,5.2C(58%)-4C,496,496,0.82661337,True,True
b2c001,Batch 2,1,491.0,5.6C(26%)-4.5C,513,513,0.82848173,True,True
b2c002,Batch 2,2,424.0,5.2C(50%)-4.25C,439,439,0.82700932,True,True
b2c003,Batch 2,3,499.0,4.65C(44%)-5C,517,517,0.82550967,True,True
b2c004,Batch 2,4,444.0,4.65C(69%)-6C,464,464,0.82712674,True,True
b2c005,Batch 2,5,416.0,3.6C(30%)-6C,445,445,0.8261537,True,True
b2c006,Batch 2,6,393.0,3.6C(9%)-5C,409,409,0.82940364,True,True
b2c007,Batch 2,7,777.0,4.8C(80%)-4.8C-newstructure,806,806,0.8264814,True,True
b2c008,Batch 2,8,904.0,5.2C(58%)-4C-newstructure,947,947,0.8255862,True,True
b2c009,Batch 2,9,791.0,5.6C(26%)-4.5C-newstructure,819,819,0.82610458,True,True
b2c010,Batch 2,10,492.0,4.8C(80%)-4.8C,519,519,0.82791102,True,True
b2c011,Batch 2,11,449.0,5.2C(50%)-4.25C,468,468,0.82524824,True,True
b2c012,Batch 2,12,466.0,4.65C(44%)-5C,493,493,0.82528538,True,True
b2c013,Batch 2,13,460.0,4.65C(69%)-6C,483,483,0.82574999,True,True
b2c014,Batch 2,14,426.0,3.6C(30%)-6C,461,461,0.82618046,True,True
b2c015,Batch 2,15,396.0,3.6C(9%)-5C,414,414,0.82608759,True,True
b2c016,Batch 2,16,472.0,4.8C(80%)-4.8C,499,499,0.82648873,True,True
b2c017,Batch 2,17,471.0,5.6C(26%)-4.5C,494,494,0.8272146,True,True
b2c018,Batch 2,18,449.0,5.2C(50%)-4.25C,467,467,0.82719898,True,True
b2c019,Batch 2,19,392.0,6C(60%)-3C,411,411,0.82597393,True,True
b2c020,Batch 2,20,489.0,5.2C(58%)-4C,506,506,0.82856864,True,True
b2c021,Batch 2,21,408.0,6C(60%)-3C,426,426,0.82783753,True,True
b2c022,Batch 2,22,,VarCharge-2C-100cycles,920,920,1.0556005,True,True
b2c023,Batch 2,23,,VarCharge-4C-100cycles,1152,1152,0.97824305,True,True
b2c024,Batch 2,24,514.0,4.8C(80%)-4.8C,536,536,0.82615805,True,True
b2c025,Batch 2,25,493.0,5.2C(58%)-4C,511,511,0.82751423,True,True
b2c026,Batch 2,26,450.0,5.6C(26%)-4.5C,476,476,0.82529837,True,True
b2c027,Batch 2,27,474.0,5.2C(50%)-4.25C,493,493,0.8266983,True,True
b2c028,Batch 2,28,437.0,4.8C(80%)-4.8C,456,456,0.82741743,True,True
b2c029,Batch 2,29,452.0,5.2C(58%)-4C,470,470,0.82541627,True,True
b2c030,Batch 2,30,412.0,5.6C(26%)-4.5C,429,429,0.82665932,True,True
b2c031,Batch 2,31,425.0,5.6C(26%)-4.5C,446,446,0.82528561,True,True
b2c032,Batch 2,32,809.0,4.8C(80%)-4.8C-newstructure,834,834,0.82744044,True,True
b2c033,Batch 2,33,1140.0,5.2C(58%)-4C-newstructure,1190,1190,0.82506907,True,True
b2c034,Batch 2,34,1186.0,5.6C(26%)-4.5C-newstructure,1252,1252,0.82562441,True,True
b2c035,Batch 2,35,,VarCharge-6C-100cycles,423,423,0.88112044,True,True
b2c036,Batch 2,36,,VarCharge-8C-100cycles,280,280,0.88107425,True,True
b2c037,Batch 2,37,,3.6C(80%)-3.6C(SLOWCYCLE,101,101,2.1693008,True,True
b2c038,Batch 2,38,,4.8C(80%)-4.8C(SLOWCYCLE,101,101,2.1653843,True,True
b2c039,Batch 2,39,,3.6C(9%)-5C(SLOWCYCLE,434,434,0.88120419,True,True
b2c040,Batch 2,40,,5.2C(58%)-4C(SLOWCYCLE,459,459,0.88021344,True,True
b2c041,Batch 2,41,442.0,5.6C(26%)-4.5C,463,463,0.82606894,True,True
b2c042,Batch 2,42,474.0,5.2C(50%)-4.25C,497,497,0.82577723,True,True
b2c043,Batch 2,43,1029.0,4.8C(80%)-4.8C-newstructure,1061,1061,0.82532436,True,True
b2c044,Batch 2,44,841.0,5.2C(58%)-4C-newstructure,874,874,0.82503617,True,True
b2c045,Batch 2,45,997.0,5.6C(26%)-4.5C-newstructure,1027,1027,0.82734823,True,True
b2c046,Batch 2,46,503.0,4.8C(80%)-4.8C,523,523,0.82638663,True,True
b3c000,Batch 3,0,1009.0,5C(67%)-4C-newstructure,1008,1008,0.8804329,True,True
b3c001,Batch 3,1,1063.0,5.3C(54%)-4C-newstructure,1062,1062,0.8802734,True,True
b3c002,Batch 3,2,1267.0,5.6C(19%)-4.6C-newstructure,1266,1266,0.88013124,True,True
b3c003,Batch 3,3,1115.0,5.6C(36%)-4.3C-newstructure,1114,1114,0.88058406,True,True
b3c004,Batch 3,4,1048.0,5.6C(19%)-4.6C-newstructure,1047,1047,0.88001466,True,True
b3c005,Batch 3,5,828.0,5.6C(36%)-4.3C-newstructure,827,827,0.88066918,True,True
b3c006,Batch 3,6,667.0,3.7C(31%)-5.9C-newstructure,666,666,0.88052577,True,True
b3c007,Batch 3,7,1836.0,4.8C(80%)-4.8C-newstructure,1835,1835,0.88036358,True,True
b3c008,Batch 3,8,828.0,5C(67%)-4C-newstructure,827,827,0.88094097,True,True
b3c009,Batch 3,9,1039.0,5.3C(54%)-4C-newstructure,1038,1038,0.8801114,True,True
b3c010,Batch 3,10,1078.0,4.8C(80%)-4.8C-newstructure,1077,1077,0.88064086,True,True
b3c011,Batch 3,11,817.0,5.6C(19%)-4.6C-newstructure,816,816,0.88113368,True,True
b3c012,Batch 3,12,932.0,5.6C(36%)-4.3C-newstructure,931,931,0.88080788,True,True
b3c013,Batch 3,13,816.0,5.6C(19%)-4.6C-newstructure,815,815,0.88024569,True,True
b3c014,Batch 3,14,858.0,5.6C(36%)-4.3C-newstructure,857,857,0.88065648,True,True
b3c015,Batch 3,15,876.0,5.9C(15%)-4.6C-newstructure,875,875,0.88058048,True,True
b3c016,Batch 3,16,1638.0,4.8C(80%)-4.8C-newstructure,1637,1637,0.88014877,True,True
b3c017,Batch 3,17,1315.0,5.3C(54%)-4C-newstructure,1314,1314,0.88043362,True,True
b3c018,Batch 3,18,1146.0,5.6C(19%)-4.6C-newstructure,1145,1145,0.88003904,True,True
b3c019,Batch 3,19,1155.0,5.6C(36%)-4.3C-newstructure,1154,1154,0.88007373,True,True
b3c020,Batch 3,20,813.0,5C(67%)-4C-newstructure,812,812,0.88059181,True,True
b3c021,Batch 3,21,772.0,3.7C(31%)-5.9C-newstructure,771,771,0.8801983,True,True
b3c022,Batch 3,22,1002.0,5.9C(60%)-3.1C-newstructure,1001,1001,0.88094068,True,True
b3c023,Batch 3,23,,4.8C(80%)-4.8C-newstructure,2189,2189,0.93701142,True,True
b3c024,Batch 3,24,825.0,5C(67%)-4C-newstructure,824,824,0.88021326,True,True
b3c025,Batch 3,25,989.0,5.3C(54%)-4C-newstructure,988,988,0.88167018,True,True
b3c026,Batch 3,26,1028.0,5.6C(19%)-4.6C-newstructure,1027,1027,0.88023561,True,True
b3c027,Batch 3,27,850.0,5.6C(36%)-4.3C-newstructure,849,849,0.88002509,True,True
b3c028,Batch 3,28,541.0,3.7C(31%)-5.9C-newstructure,540,540,0.88010961,True,True
b3c029,Batch 3,29,858.0,5.9C(15%)-4.6C-newstructure,857,857,0.88007307,True,True
b3c030,Batch 3,30,935.0,5.3C(54%)-4C-newstructure,934,934,0.88024825,True,True
b3c031,Batch 3,31,731.0,5.9C(60%)-3.1C-newstructure,730,730,0.88031369,True,True
b3c032,Batch 3,32,,4.8C(80%)-4.8C-newstructure,2237,2237,0.97388279,True,True
b3c033,Batch 3,33,1284.0,5C(67%)-4C-newstructure,1283,1283,0.88079751,True,True
b3c034,Batch 3,34,1158.0,5.3C(54%)-4C-newstructure,1157,1157,0.88017184,True,True
b3c035,Batch 3,35,1093.0,5.6C(19%)-4.6C-newstructure,1092,1092,0.88011736,True,True
b3c036,Batch 3,36,923.0,5.6C(36%)-4.3C-newstructure,922,922,0.88060242,True,True
b3c037,Batch 3,37,1390.0,4.8C(80%)-4.8C-newstructure,1389,1389,0.88049883,True,True
b3c038,Batch 3,38,1935.0,5C(67%)-4C-newstructure,1934,1934,0.88000458,True,True
b3c039,Batch 3,39,1156.0,5.3C(54%)-4C-newstructure,1155,1155,0.88043225,True,True
b3c040,Batch 3,40,796.0,5.6C(19%)-4.6C-newstructure,795,795,0.88070726,True,True
b3c041,Batch 3,41,786.0,5.6C(36%)-4.3C-newstructure,785,785,0.88062328,True,True
b3c042,Batch 3,42,1642.0,4.8C(80%)-4.8C-newstructure,1641,1641,0.88037544,True,True
b3c043,Batch 3,43,1046.0,5C(67%)-4C-newstructure,1045,1045,0.88060749,True,True
b3c044,Batch 3,44,940.0,5.3C(54%)-4C-newstructure,939,939,0.88046378,True,True
b3c045,Batch 3,45,1801.0,4.8C(80%)-4.8C-newstructure,1800,1800,0.88047254,True,True
