cell_uid,batch,source_index,cycle_life_provided,policy,n_cycles_recorded,last_cycle,end_QD,curve_summary_aligned,same_voltage_axis,dq_logvar,dq_logabsmin,dq_mean,dq_skew,dq_kurt,qd_mean,qd_slope,ir_change,tavg_median,chargetime_median,c_rate_1,switch_soc,c_rate_2,avg_crate_0_80,structure,cycle_life,label_corrected,exclude_reason,in_model
b1c000,Batch 1,0,1190.0,3.6C(80%)-3.6C,1189,1189,1.0262098,True,True,-5.014861042960787,-2.0726479673332374,-0.0028734152246919164,-0.5320584720505735,-1.3483118916844854,1.0759184336734693,0.0030947155680934595,0.036843988888885654,31.566971697416967,13.358211666666708,3.6,80.0,3.6,3.6,standard,1852.0,True,,True
b1c001,Batch 1,1,1179.0,3.6C(80%)-3.6C,1178,1178,1.0382246,True,True,-5.013959617162855,-1.9584566567173611,-0.00409961462134519,-0.4293749031928047,-1.0291160019202557,1.0812468797979797,-0.01386407708233521,0.06017581111111142,31.258835086995443,13.341623333333215,3.6,80.0,3.6,3.6,standard,2160.0,True,,True
b1c002,Batch 1,2,1177.0,3.6C(80%)-3.6C,1176,1176,1.0432786,True,True,-4.7369997419805365,-1.7640578612436268,-0.004486734282886989,-1.0801942790076273,0.3486368188757716,1.0853711969696969,-0.0052087004300024435,0.09529823333333243,31.406702352569752,13.341569999999772,3.6,80.0,3.6,3.6,standard,2237.0,True,,True
b1c003,Batch 1,3,1226.0,4C(80%)-4C,1225,1225,0.97092122,True,True,-4.442613359277012,-1.7221493032207573,-0.007455784700018413,-0.43905046294046807,-1.0954158488747705,1.0849489696969699,0.006368388278392686,0.10628001111110882,29.84754823539978,12.092243333333318,4.0,80.0,4.0,4.0,standard,1434.0,True,,True
b1c004,Batch 1,4,1227.0,4C(80%)-4C,1226,1226,1.0219597,True,True,-4.647743660307859,-1.8551769586673086,-0.005750008121960181,-0.36254812672859005,-1.3338305761630276,1.082843531313131,0.00842425545469193,0.03838368888888638,31.367527119565263,12.09220499999986,4.0,80.0,4.0,4.0,standard,1709.0,True,,True
b1c005,Batch 1,5,1074.0,4.4C(80%)-4.4C,1073,1073,0.88053626,True,True,-4.178877963304522,-1.5989653349280424,-0.01107391297973859,-0.1493501482196471,-1.227526520149324,1.0803274434343435,0.002045752508366144,0.0013978444444451288,30.819317383912274,10.91741500000062,4.4,80.0,4.4,4.4,standard,1074.0,False,,True
b1c006,Batch 1,6,636.0,4.8C(80%)-4.8C,635,635,0.8800565,True,True,-3.7688779002277237,-1.4215207944138117,-0.015965056248274823,-0.40793584962018636,-1.2380700944581655,1.0809117848484848,-0.0183842283803096,-0.17309960000000055,32.22769727735856,10.0083150000001,4.8,80.0,4.8,4.8,standard,636.0,False,,True
b1c007,Batch 1,7,870.0,4.8C(80%)-4.8C,869,869,0.88110596,True,True,-3.8134860773269867,-1.4175572328154407,-0.016645727245619735,-0.3334166199580946,-1.120535904128327,1.0969264323232324,-0.012389668737053038,0.05727797777777682,31.948692868224292,10.009005000000371,4.8,80.0,4.8,4.8,standard,870.0,False,,True
b1c008,Batch 1,8,879.0,5.4C(40%)-3.6C,878,878,0.96902454,True,True,-4.001194608771134,-1.5113406916007717,-0.012818967232022799,-0.3291141610056173,-1.2025759412667465,1.0947719373737375,-0.007819638477463507,0.08585138888888427,32.04942305234662,11.20847000000067,5.4,40.0,3.6,4.32,standard,,False,not_reached_eol,False
b1c009,Batch 1,9,1054.0,5.4C(40%)-3.6C,1053,1053,0.8809284,True,True,-4.059383677769545,-1.5417478896827503,-0.011510600568480111,-0.4275910282835675,-1.1821708568020548,1.0876998484848484,0.005299069915595552,0.029711155555556257,32.60532403173157,11.208363333333304,5.4,40.0,3.6,4.32,standard,1054.0,False,,True
b1c010,Batch 1,10,906.0,5.4C(50%)-3C,905,905,0.96101874,True,True,-4.022573146487059,-1.5687499406150505,-0.010668007843734223,-0.5100716201179799,-1.2874566544104158,1.0817046181818184,0.006026134734832643,0.1547545555555599,33.15098668425846,11.652169999999993,5.4,50.0,3.0,4.153846153846154,standard,,False,not_reached_eol,False
b1c011,Batch 1,11,788.0,5.4C(50%)-3C,787,787,0.88054359,True,True,-4.146896530502188,-1.6254072026301174,-0.008378205102529986,-0.5948478865400659,-1.205555466507367,1.060083885858586,0.004613694855878196,-0.1680421666666633,32.700295984432266,11.652381666667257,5.4,50.0,3.0,4.153846153846154,standard,788.0,False,,True
b1c012,Batch 1,12,902.0,5.4C(50%)-3.6C,901,901,0.91311944,True,True,-4.125190648988873,-1.5616337844354662,-0.011237958333707347,-0.3310516845551265,-1.127353393832118,1.082155223232323,0.0006052810957136981,0.056705566666669094,33.423684964684114,10.65295333333294,5.4,50.0,3.6,4.5473684210526315,standard,,False,not_reached_eol,False
b1c013,Batch 1,13,897.0,5.4C(50%)-3.6C,896,896,0.92313582,True,True,-4.048006457642694,-1.535554044568695,-0.013148734381658471,-0.13523749827081805,-1.2549350256266683,1.0842732373737374,-0.007604817646123874,0.06528114444443942,32.03598200646357,10.65265833333348,5.4,50.0,3.6,4.5473684210526315,standard,,False,not_reached_eol,False
b1c014,Batch 1,14,880.0,5.4C(60%)-3C,879,879,0.8800649,True,True,-4.046069839990279,-1.548306330889822,-0.011946218223467892,-0.28245263733712345,-1.3132871189250308,1.0761029171717171,0.01630952062430898,0.016750899999997543,33.01143538440852,10.763341666666626,5.4,60.0,3.0,4.500000000000001,standard,880.0,False,,True
b1c015,Batch 1,15,719.0,5.4C(60%)-3C,718,718,0.88298881,True,True,-4.017949103167607,-1.538433127534962,-0.011013089313180444,-0.4819985506782299,-1.250455985410066,1.0676568858585858,0.016737951903164704,-0.04571530000000226,33.09224619604321,10.76351999999994,5.4,60.0,3.0,4.500000000000001,standard,719.0,False,,True
b1c016,Batch 1,16,862.0,5.4C(60%)-3.6C,861,861,0.88096577,True,True,-4.099413675443745,-1.5589858999371669,-0.012403806163792485,-0.12294982972227239,-1.228098401990385,1.0864695565656566,0.013498762541810953,0.0926150444444454,32.351221774255514,10.09699833333337,5.4,60.0,3.6,4.800000000000001,standard,862.0,False,,True
b1c017,Batch 1,17,857.0,5.4C(60%)-3.6C,856,856,0.8832469,True,True,-3.970159451162403,-1.5076871632965057,-0.013343115757399526,-0.25598794617561316,-1.2907022981003802,1.0771062363636363,0.005362154801723689,0.10610258888888932,31.9939716042831,10.103795000000051,5.4,60.0,3.6,4.800000000000001,standard,857.0,False,,True
b1c018,Batch 1,18,691.0,5.4C(70%)-3C,690,690,0.88114411,True,True,-3.650080545153841,-1.3552344300601988,-0.02070238680333876,-0.05207889132502616,-1.346528286080605,1.068100106122449,-0.062292878055284384,-3.9732827000000004,31.71161644383056,9.957751666666688,5.4,70.0,3.0,4.90909090909091,standard,691.0,False,,True
b1c019,Batch 1,19,788.0,5.4C(70%)-3C,787,787,0.88093972,True,True,-3.6199068274368353,-1.3382564529624872,-0.020106274821769736,-0.2734236630130664,-1.2754147788119155,1.0883684717171715,-0.020336293995858977,0.054664155555557425,33.02017593106701,9.957913333333272,5.4,70.0,3.0,4.90909090909091,standard,788.0,False,,True
b1c020,Batch 1,20,534.0,5.4C(80%)-5.4C,533,533,0.88078493,True,True,-3.367237410245857,-1.1966765604379692,-0.03279598300714767,0.24167276572580954,-1.0727210228955253,1.0698410858585858,-0.1494513553113499,-0.35923885555555823,32.11258446685879,9.006340000000394,5.4,80.0,5.4,5.4,standard,534.0,False,,True
b1c021,Batch 1,21,559.0,5.4C(80%)-5.4C,558,558,0.88016534,True,True,-3.3503380515995875,-1.1889597281466224,-0.030657577112710634,-0.09016665223320511,-1.1430823300485558,1.082226497979798,-0.09035583054626811,-0.03170046666666447,33.086142940839714,8.985736666666586,5.4,80.0,5.4,5.4,standard,559.0,False,,True
b1c022,Batch 1,22,891.0,6C(30%)-3.6C,890,890,0.96327895,True,True,-3.9521686731427805,-1.4928576042710344,-0.014716371313208602,-0.13520711281471545,-1.2783515190706514,1.082979815151515,-0.017057273451178284,0.05106291111111119,32.77814718665466,11.43029333333349,6.0,30.0,3.6,4.235294117647059,standard,,False,not_reached_eol,False
b1c023,Batch 1,23,1014.0,6C(30%)-3.6C,1013,1013,0.88066453,True,True,-4.0407936433278895,-1.523552178470511,-0.013340620512360239,-0.14317440365637843,-1.2306058551197139,1.0824610575757576,-0.015297888198760773,0.0696940444444398,31.92229278765885,11.430255000000004,6.0,30.0,3.6,4.235294117647059,standard,1014.0,False,,True
b1c024,Batch 1,24,1017.0,6C(40%)-3C,1016,1016,0.88046598,True,True,-3.938662523656534,-1.4969978330235068,-0.013873507013282613,-0.33886310774417266,-1.2741881895082756,1.0780331868686868,-0.00755849339066721,0.08767882222222162,33.36125883258317,12.098313333333742,6.0,40.0,3.0,4.0,standard,1017.0,False,,True
b1c025,Batch 1,25,854.0,6C(40%)-3C,853,853,0.88019997,True,True,-4.027888820540259,-1.5310448923727904,-0.012406193052887388,-0.35793477555398945,-1.2413942729375074,1.078847887878788,-0.010512616658695987,0.06846172222222183,33.818621359592235,12.09737499999998,6.0,40.0,3.0,4.0,standard,854.0,False,,True
b1c026,Batch 1,26,870.0,6C(40%)-3.6C,869,869,0.88105017,True,True,-3.7952199967853435,-1.4161841994934083,-0.01785015712562481,-0.11706816411704128,-1.2766699504628691,1.0905742878787879,-0.024660891861755668,0.09338992222222148,33.13189976172951,10.765060000000329,6.0,40.0,3.6,4.5,standard,870.0,False,,True
b1c027,Batch 1,27,842.0,6C(40%)-3.6C,841,841,0.88130057,True,True,-3.8537032000559392,-1.4457275004165389,-0.01551418714665611,-0.2895185222964574,-1.2368251713034262,1.0820360393939392,-0.020381876094915163,0.1154933888888876,33.872707935886,10.763831666666675,6.0,40.0,3.6,4.5,standard,842.0,False,,True
b1c028,Batch 1,28,860.0,6C(50%)-3C,859,859,0.88058227,True,True,-3.844711807496199,-1.4292997115162875,-0.016698122755162716,-0.14263301031252343,-1.2384823669741583,1.0806956292929293,-0.015225352763176344,0.13606315555556373,33.75822101473294,11.178876666666474,6.0,50.0,3.0,4.363636363636364,standard,860.0,False,,True
b1c029,Batch 1,29,917.0,6C(50%)-3C,916,916,0.88035375,True,True,-3.8382817049630766,-1.4333451217343054,-0.01660052342693117,-0.13762996295439459,-1.2785185818791822,1.0827828212121215,-0.014454562828474283,0.11743976666666114,32.67099526443202,11.179469999999856,6.0,50.0,3.0,4.363636363636364,standard,917.0,False,,True
b1c030,Batch 1,30,709.0,6C(50%)-3.6C,708,708,0.88054287,True,True,-3.744699217898308,-1.3891761023084515,-0.017719122166801278,-0.28519142358197425,-1.2269916421555163,1.0828237171717172,-0.025976043956033923,0.12770548888888997,33.51565886392693,10.09681166666669,6.0,50.0,3.6,4.800000000000001,standard,709.0,False,,True
b1c031,Batch 1,31,876.0,6C(50%)-3.6C,875,875,0.88099223,True,True,-3.777732624088043,-1.4036425857817216,-0.017983588803246863,-0.11073292820710413,-1.2421226847427715,1.097068405050505,-0.03470540531931347,0.08446951111111198,30.34183269795534,10.096814999999818,6.0,50.0,3.6,4.800000000000001,standard,876.0,False,,True
b1c032,Batch 1,32,731.0,6C(60%)-3C,730,730,0.88080907,True,True,-3.6464634970703615,-1.3413563753175848,-0.020730273837007353,-0.15565603118726665,-1.2794467204381477,1.0806714494949494,-0.02147387004299576,0.12746362222221946,33.04941632723948,10.096439999999951,6.0,60.0,3.0,4.800000000000001,standard,731.0,False,,True
b1c033,Batch 1,33,757.0,6C(60%)-3C,756,756,0.88011229,True,True,-3.6670575975866413,-1.3477364305988748,-0.021651569301358076,0.0648321072722398,-1.2327428086034982,1.0954916464646465,-0.031796946966074484,0.06842016666667311,33.64032455514022,10.096583333333305,6.0,60.0,3.0,4.800000000000001,standard,757.0,False,,True
b1c034,Batch 1,34,742.0,7C(30%)-3.6C,741,741,0.88205445,True,True,-3.848616157008837,-1.429245314396692,-0.016080359430316875,-0.15090116468663067,-1.179900135451435,1.0800699888888887,-0.010398015607573396,0.0626890444444389,32.62002792766739,11.001284999999916,7.0,30.0,3.6,4.401746724890829,standard,742.0,False,,True
b1c035,Batch 1,35,703.0,7C(30%)-3.6C,702,702,0.8802399,True,True,-3.7726058155960294,-1.4072456671301197,-0.018223341654084003,-0.09448727078656764,-1.2999242276573166,1.0745076737373735,-0.005950627488453624,0.11994537777777758,32.03515981278966,11.001281666666667,7.0,30.0,3.6,4.401746724890829,standard,703.0,False,,True
b1c036,Batch 1,36,704.0,7C(40%)-3C,703,703,0.88231802,True,True,-3.6695013425959444,-1.350456749794432,-0.02104235085802675,-0.024120388445710256,-1.2877295595088152,1.0812765595959595,-0.01628153049848274,0.16127461111110908,32.01632083484572,11.52468333333333,7.0,40.0,3.0,4.2,standard,704.0,False,,True
b1c037,Batch 1,37,648.0,7C(40%)-3C,647,647,0.88336319,True,True,-3.673938893314921,-1.351203133303817,-0.019436824634916583,-0.23647587048054397,-1.2637732127261774,1.0780300424242424,-0.01923619684663527,0.13176036666666738,32.91670765451218,11.524764999999997,7.0,40.0,3.0,4.2,standard,648.0,False,,True
b1c038,Batch 1,38,617.0,7C(40%)-3.6C,616,616,0.88110942,True,True,-3.4330481735466756,-1.2486008121232726,-0.026764193834967424,-0.06381042216810003,-1.3483479281632569,1.075801506060606,-0.018634390826561865,0.17403296666666096,33.689996935041165,10.193719999999969,7.0,40.0,3.6,4.754716981132075,standard,617.0,False,,True
b1c039,Batch 1,39,625.0,7C(40%)-3.6C,624,624,0.88011074,True,True,-3.5045337204530713,-1.274546135729866,-0.024440041487006035,-0.152502333206465,-1.277189897493371,1.085658998989899,-0.013555031055897,0.17474676666666064,33.496211521901266,10.274616666666892,7.0,40.0,3.6,4.754716981132075,standard,625.0,False,,True
b1c040,Batch 1,40,966.0,8C(15%)-3.6C,965,965,0.88060951,True,True,-4.0552127051547355,-1.5361710582591273,-0.012628807847703542,-0.24850466403431104,-1.2414941194014202,1.0869299777777777,-0.01842235228539405,0.1351716555555542,33.44210184234233,12.054698333333365,8.0,15.0,3.6,4.013937282229966,standard,966.0,False,,True
b1c041,Batch 1,41,1051.0,8C(15%)-3.6C,1050,1050,0.88106161,True,True,-4.071513969179501,-1.5450592803081846,-0.012358568562846162,-0.23135631340210783,-1.2429492659603925,1.082886786868687,-0.009669214843125142,0.08532017777777845,33.05365605992836,12.054646666666182,8.0,15.0,3.6,4.013937282229966,standard,1051.0,False,,True
b1c042,Batch 1,42,702.0,8C(25%)-3.6C,701,701,0.88035142,True,True,-3.6658557852690015,-1.3495987713904598,-0.020599210252813277,-0.10769408431100083,-1.3162418798566866,1.083889183838384,-0.00709916228698466,0.19204828888888525,33.567920671804195,11.138530000000417,8.0,25.0,3.6,4.347169811320755,standard,702.0,False,,True
b1c043,Batch 1,43,651.0,8C(25%)-3.6C,650,650,0.88044435,True,True,-3.667779071634814,-1.3506077894518453,-0.019165626778476195,-0.23725353594012447,-1.3026127286464535,1.070522194949495,-0.03225106864150188,0.19244267777777935,33.31609143036837,11.138113333333118,8.0,25.0,3.6,4.347169811320755,standard,651.0,False,,True
b1c044,Batch 1,44,616.0,8C(35%)-3.6C,615,615,0.88048309,True,True,-3.42070000480644,-1.2306443031102845,-0.029329092901317067,0.13907984932279427,-1.2892846015980648,1.0868420717171718,-0.042220895046983314,0.20943175555555166,32.527535071294594,10.22140833333348,8.0,35.0,3.6,4.7407407407407405,standard,616.0,False,,True
b1c045,Batch 1,45,599.0,8C(35%)-3.6C,598,598,0.88104212,True,True,-3.425292235698853,-1.2261878935345303,-0.02886609052113574,0.11519776583282074,-1.280392401163963,1.0871594505050506,-0.02252697244784526,0.2283281555555544,32.98417404363968,10.221549999999842,8.0,35.0,3.6,4.7407407407407405,standard,599.0,False,,True
b2c000,Batch 2,0,477.0,5.2C(58%)-4C,496,496,0.82661337,True,True,-3.4872647963011447,-1.2591537148635152,-0.025801000173386008,-0.031432251250035875,-1.2425693276988776,1.105088570707071,0.010050197483668434,0.07471908888889017,31.799219003666007,10.173188333333623,5.2,58.0,4.0,4.803695150115474,standard,477.0,False,,True
b2c001,Batch 2,1,491.0,5.6C(26%)-4.5C,513,513,0.82848173,True,True,-3.2980513654760366,-1.179701833116379,-0.035595007639683186,0.31749677338171994,-1.1591037362491994,1.1049235595959594,-0.03186662525879517,-0.48054395555555474,33.627182096905216,10.176856666666572,5.6,26.0,4.5,4.8068669527897,standard,491.0,False,,True
b2c002,Batch 2,2,424.0,5.2C(50%)-4.25C,439,439,0.82700932,True,True,-3.4602483651128177,-1.2780425690871609,-0.025013386420214043,-0.15525372627721698,-1.4037552179038564,1.0746630466666667,-0.006105121197641702,-0.053404633333337115,33.1955179122312,10.174891666667342,5.2,50.0,4.25,4.797829036635007,standard,424.0,False,,True
b2c003,Batch 2,3,499.0,4.65C(44%)-5C,517,517,0.82550967,True,True,-3.496242996974693,-1.2528333571271697,-0.020089882918698704,-0.6865232340714085,-0.8132615623395765,1.1014852565656565,0.07462896798853969,0.11781420000000001,33.98161943355816,10.17314000000042,4.65,44.0,5.0,4.80123902942695,standard,499.0,False,,True
b2c004,Batch 2,4,444.0,4.65C(69%)-6C,464,464,0.82712674,True,True,-3.232506812226559,-1.1530619303379335,-0.034781796484889084,-0.010537387163738159,-1.3023522360528514,1.0859254535353535,-0.0657803535594834,-0.5694166777777815,33.07318253673964,10.229923333332408,4.65,69.0,6.0,4.798452112221864,standard,444.0,False,,True
b2c005,Batch 2,5,416.0,3.6C(30%)-6C,445,445,0.8261537,True,True,-3.085881724279185,-1.0647445746478623,-0.04648540460048997,0.3621745651001111,-1.0375622697150644,1.0879375151515152,-0.1860224382863517,-0.46548757777777583,32.98248914246352,10.201064999999168,3.6,30.0,6.0,4.800000000000001,standard,416.0,False,,True
b2c006,Batch 2,6,393.0,3.6C(9%)-5C,409,409,0.82940364,True,True,-3.53003968650195,-1.3021390444128946,-0.02082479246051704,-0.4209131664445041,-1.2152710216386973,1.0929755737373739,0.0575618012422349,-0.193168577777781,33.791299356677115,10.179401666667156,3.6,9.0,5.0,4.790419161676647,standard,393.0,False,,True
b2c007,Batch 2,7,777.0,4.8C(80%)-4.8C-newstructure,806,806,0.8264814,True,True,-4.231670089905405,-1.6627808166712075,-0.008823099834708447,-0.3734551470125933,-1.32663775372589,1.0930350373737374,0.05744192705845358,-0.0062085111111106345,33.76497089292143,10.03560999999948,4.8,80.0,4.8,4.8,new,777.0,False,,True
b2c008,Batch 2,8,904.0,5.2C(58%)-4C-newstructure,947,947,0.8255862,True,True,-4.10242248030074,-1.5553134390398822,-0.011203415580045945,-0.445425506544742,-0.9510309415303917,1.0901590962626262,-0.05307907166745897,0.00557987777777616,33.6280066820834,10.0398283333343,5.2,58.0,4.0,4.803695150115474,new,904.0,False,,True
b2c009,Batch 2,9,791.0,5.6C(26%)-4.5C-newstructure,819,819,0.82610458,True,True,-4.344425682662564,-1.7043416016868917,-0.007446960333569007,-0.05218956896191872,-0.7640813420594519,1.0975024424242423,-0.039457544194932165,-0.019121155555554964,32.334769888870795,10.040233333333406,5.6,26.0,4.5,4.8068669527897,new,791.0,False,,True
b2c010,Batch 2,10,492.0,4.8C(80%)-4.8C,519,519,0.82791102,True,True,-3.4509001132975605,-1.2533467340698548,-0.02952029629956943,0.26320531782167483,-1.2438031735572375,1.1111783965656563,0.0638439372511546,-0.09523994444444323,31.73298002338138,10.17084500000031,4.8,80.0,4.8,4.8,standard,492.0,False,,True
b2c011,Batch 2,11,449.0,5.2C(50%)-4.25C,468,468,0.82524824,True,True,-3.485393220979881,-1.2604374969231171,-0.024012633467613776,-0.22207913813040978,-1.2401569257962999,1.1010659737373738,0.12643977384934826,0.35830155555555826,33.173304895742966,10.173753333333298,5.2,50.0,4.25,4.797829036635007,standard,449.0,False,,True
b2c012,Batch 2,12,466.0,4.65C(44%)-5C,493,493,0.82528538,True,True,-3.1679683681509765,-1.1116450065224746,-0.03939759227215439,0.11788308293031868,-1.2407739291824722,1.104144308080808,0.03275929447364398,-0.4403771666666688,31.36205291461498,10.174634999999157,4.65,44.0,5.0,4.80123902942695,standard,466.0,False,,True
b2c013,Batch 2,13,460.0,4.65C(69%)-6C,483,483,0.82574999,True,True,-3.3444477218838284,-1.1892669979927646,-0.0340700221226121,0.3347822660087096,-1.0960042358526478,1.0949361080808082,-0.008527410415671087,-0.6049385555555558,31.97646643833542,10.21302999999995,4.65,69.0,6.0,4.798452112221864,standard,460.0,False,,True
b2c014,Batch 2,14,426.0,3.6C(30%)-6C,461,461,0.82618046,True,True,-3.118519966248836,-1.0771996484774,-0.04455576451036339,0.2888281892798498,-1.0885540736711687,1.0792566424242422,-0.10019437490045488,-0.5302999666666648,32.13709390542188,10.241060000000289,3.6,30.0,6.0,4.800000000000001,standard,426.0,False,,True
b2c015,Batch 2,15,396.0,3.6C(9%)-5C,414,414,0.82608759,True,True,-3.516251926776714,-1.292986448721867,-0.024135288352654265,-0.0718770287420776,-1.393294007166598,1.0750435303030301,0.08864344640866315,-0.6069465555555535,32.85630869612978,10.174996666668449,3.6,9.0,5.0,4.790419161676647,standard,396.0,False,,True
b2c016,Batch 2,16,472.0,4.8C(80%)-4.8C,499,499,0.82648873,True,True,-3.494880991874622,-1.2736447676142502,-0.026244652410942607,0.07215880401275236,-1.296859819157223,1.0970297515151517,-0.022458525242869273,-0.13300996666667023,32.77962567049275,10.171568333332347,4.8,80.0,4.8,4.8,standard,472.0,False,,True
b2c017,Batch 2,17,471.0,5.6C(26%)-4.5C,494,494,0.8272146,True,True,-3.5003441284740386,-1.2793248413972615,-0.024346340387445996,-0.17158376385561103,-1.2841547971218787,1.0939235666666667,0.03920608058608889,-0.2365889555555542,33.01904714673025,10.17710500000006,5.6,26.0,4.5,4.8068669527897,standard,471.0,False,,True
b2c018,Batch 2,18,449.0,5.2C(50%)-4.25C,467,467,0.82719898,True,True,-3.707302736176298,-1.4007101874245018,-0.016640891110932497,-0.27357934756349894,-1.4464132518406025,1.0825073353535357,0.10981586399108241,0.11152535555555843,32.91137001003535,10.173984999999329,5.2,50.0,4.25,4.797829036635007,standard,449.0,False,,True
b2c019,Batch 2,19,392.0,6C(60%)-3C,411,411,0.82597393,True,True,-3.291958004542694,-1.182753687174254,-0.03430820779792184,0.1562128994224085,-1.2820390748353814,1.094755986868687,0.012324980092371693,0.23682442222222252,32.788666691536235,10.174568333333443,6.0,60.0,3.0,4.800000000000001,standard,392.0,False,,True
b2c020,Batch 2,20,489.0,5.2C(58%)-4C,506,506,0.82856864,True,True,-3.4413054314104006,-1.218215280679908,-0.024435139451588442,-0.4394032649068832,-0.9586720317032245,1.1000841181818182,0.02754579391623018,0.26975777777777865,33.64657813789262,10.172901666666924,5.2,58.0,4.0,4.803695150115474,standard,489.0,False,,True
b2c021,Batch 2,21,408.0,6C(60%)-3C,426,426,0.82783753,True,True,-3.326679075199306,-1.1906586183672832,-0.03328855261100499,0.19578991036583723,-1.251144668601027,1.1011154092929292,0.03905272909698873,0.21337985555555314,33.62412356593225,10.174735000000023,6.0,60.0,3.0,4.800000000000001,standard,408.0,False,,True
b2c022,Batch 2,22,,VarCharge-2C-100cycles,920,920,1.0556005,True,True,-4.641168700608011,-2.1688235186022014,-0.002618816303222525,1.4915331286909208,2.293464772997882,1.0913044707142858,-0.007305633407892744,-3.469446951953614e-15,34.54174812989119,24.21724166666585,,,,,standard,,False,no_label,False
b2c023,Batch 2,23,,VarCharge-4C-100cycles,1152,1152,0.97824305,True,True,-4.356254277157163,-1.7163016076292579,-0.011590160361131023,0.9748163491140445,-0.6079218864710585,1.0854498825510204,-0.11735483921604342,-3.469446951953614e-15,34.17878861155735,12.211763333333268,,,,,standard,,False,no_label,False
b2c024,Batch 2,24,514.0,4.8C(80%)-4.8C,536,536,0.82615805,True,True,-3.6408852680750527,-1.3397990424498687,-0.02277147977476359,0.1473921115244357,-1.2469400096581615,1.0963041979797978,0.040047486860968214,-0.04076283333333264,33.21798237103504,10.16985833333456,4.8,80.0,4.8,4.8,standard,514.0,False,,True
b2c025,Batch 2,25,493.0,5.2C(58%)-4C,511,511,0.82751423,True,True,-3.5344779300217333,-1.2966358308501311,-0.023610982444417374,-0.06298627046564019,-1.3538645859474825,1.1022470464646466,0.03655321070234447,0.1409753333333312,32.24301854287195,10.173028333333786,5.2,58.0,4.0,4.803695150115474,standard,493.0,False,,True
b2c026,Batch 2,26,450.0,5.6C(26%)-4.5C,476,476,0.82529837,True,True,-3.2220536077932804,-1.1348440130946638,-0.03803854165400029,0.23025820257688392,-1.187711331786615,1.10416721010101,-0.008591318681320988,-0.5027522333333305,34.238781459464406,10.177568333333571,5.6,26.0,4.5,4.8068669527897,standard,450.0,False,,True
b2c027,Batch 2,27,474.0,5.2C(50%)-4.25C,493,493,0.8266983,True,True,-3.48620363289781,-1.2636731692411862,-0.02468392780224258,-0.13920205356096377,-1.3553178034578717,1.0985360303030303,0.08367819397993712,0.20591513333333492,33.319305097566286,10.17463499999964,5.2,50.0,4.25,4.797829036635007,standard,474.0,False,,True
b2c028,Batch 2,28,437.0,4.8C(80%)-4.8C,456,456,0.82741743,True,True,-3.4234111691232063,-1.2480177638242413,-0.027989332592662373,0.045824708309599636,-1.3911812962111165,1.095054122222222,0.05108195572543692,-0.33626043333333244,32.157921338288666,10.17329833333303,4.8,80.0,4.8,4.8,standard,437.0,False,,True
b2c029,Batch 2,29,452.0,5.2C(58%)-4C,470,470,0.82541627,True,True,-3.5082481790944344,-1.2787375057821846,-0.02532223237657199,0.019297258658327834,-1.342338197231876,1.1100257606060604,0.11401295747731685,0.18632538888888397,31.82218124832208,10.172915000000891,5.2,58.0,4.0,4.803695150115474,standard,452.0,False,,True
b2c030,Batch 2,30,412.0,5.6C(26%)-4.5C,429,429,0.82665932,True,True,-3.1854095592748743,-1.121920556930394,-0.03965588948997046,0.2511504561933174,-1.2012566680423964,1.0929829222222223,-0.08940455964324384,-0.7523370555555554,33.814491724369454,10.179339999999987,5.6,26.0,4.5,4.8068669527897,standard,412.0,False,,True
b2c031,Batch 2,31,425.0,5.6C(26%)-4.5C,446,446,0.82528561,True,True,-3.35235883148731,-1.1922699648528527,-0.030624456764042955,0.059274288659576735,-1.1694734897447134,1.0998533494949494,0.047088318203539196,-0.3156403111111081,33.42111686002277,10.178381666667216,5.6,26.0,4.5,4.8068669527897,standard,425.0,False,,True
b2c032,Batch 2,32,809.0,4.8C(80%)-4.8C-newstructure,834,834,0.82744044,True,True,-4.131466155166347,-1.5612803858741024,-0.013389939833647101,0.20779582306363237,-0.9720788247962671,1.0900473909090909,-0.07674978818283416,-0.07028289999999951,32.17184286740253,10.04089833333322,4.8,80.0,4.8,4.8,new,809.0,False,,True
b2c033,Batch 2,33,1140.0,5.2C(58%)-4C-newstructure,1190,1190,0.82506907,True,True,-4.23162831933775,-1.6182579991073993,-0.011579541007786182,0.28592044638203534,-0.9761491385628052,1.0705903191919193,-0.1396110686415002,-0.030117444444442698,32.75244488333857,10.039278333333398,5.2,58.0,4.0,4.803695150115474,new,1140.0,False,,True
b2c034,Batch 2,34,1186.0,5.6C(26%)-4.5C-newstructure,1252,1252,0.82562441,True,True,-4.448585173324752,-1.7179911430787782,-0.008120054579074073,-0.1522681413461274,-0.8874031140532539,1.0671324676767675,-0.06514612836438602,-0.0160371888888889,35.67532696418256,10.040186666666704,5.6,26.0,4.5,4.8068669527897,new,1186.0,False,,True
b2c035,Batch 2,35,,VarCharge-6C-100cycles,423,423,0.88112044,True,True,-3.2189089608610653,-1.1208558880462385,-0.044821244304517734,0.8605022691936515,-0.5313767455427967,1.0461600108163265,-0.41917475346872607,0.0,36.5354372382433,8.09194833333313,,,,,standard,,False,no_label,False
b2c036,Batch 2,36,,VarCharge-8C-100cycles,280,280,0.88107425,True,True,-2.6849178093471577,-0.8663789128629468,-0.08442876531435932,0.9417487046526306,-0.4883520048695926,1.0332139762244896,-0.7664653788290106,0.0,38.61475929353903,6.78008000000021,,,,,standard,,False,no_label,False
b2c037,Batch 2,37,,3.6C(80%)-3.6C(SLOWCYCLE,101,101,2.1693008,True,True,-4.770610886629153,-1.5423944542431918,-0.0029820466170849703,-4.130955826449804,19.41304461827009,1.084200792755102,0.004146124624430819,1.0812849666666686,32.96186943864029,13.50422499999986,3.6,80.0,3.6,3.6,standard,,False,no_label,False
b2c038,Batch 2,38,,4.8C(80%)-4.8C(SLOWCYCLE,101,101,2.1653843,True,True,-4.215350254359975,-1.4418974000558347,-0.013148209711945616,0.18618957278349807,-0.29359176346133786,1.0841066612244898,-0.06055090175742464,0.7601690999999994,32.692205219210024,10.169828333333134,4.8,80.0,4.8,4.8,standard,,False,no_label,False
b2c039,Batch 2,39,,3.6C(9%)-5C(SLOWCYCLE,434,434,0.88120419,True,True,-3.3625834932774885,-1.2150134798998358,-0.03455301965015995,0.4842911236886437,-1.070220353064066,1.0712681928571428,-0.07877142527884078,0.48109791111111344,32.90036033518576,10.175506666666964,3.6,9.0,5.0,4.790419161676647,standard,,False,no_label,False
b2c040,Batch 2,40,,5.2C(58%)-4C(SLOWCYCLE,459,459,0.88021344,True,True,-3.599567276289552,-1.3172845737722512,-0.02547583082825176,0.35976817066242267,-1.0955774291327294,1.0855828591836734,-0.024266833765491613,,32.498051870993656,10.173168333332676,5.2,58.0,4.0,4.803695150115474,standard,,False,no_label,False
b2c041,Batch 2,41,442.0,5.6C(26%)-4.5C,463,463,0.82606894,True,True,-3.1723658101769976,-1.0918848290836711,-0.037768291495701274,-0.04398711658406335,-1.1480576715129351,1.1059561515151515,0.027633532409618255,,30.21190845333967,10.177141666666529,5.6,26.0,4.5,4.8068669527897,standard,442.0,False,,True
b2c042,Batch 2,42,474.0,5.2C(50%)-4.25C,497,497,0.82577723,True,True,-3.482587648007536,-1.2662602060364871,-0.02934071492636848,0.35173145970026903,-1.1698091863355191,1.107131119191919,0.0867374454530968,,31.73106848578076,10.175185000000056,5.2,50.0,4.25,4.797829036635007,standard,474.0,False,,True
b2c043,Batch 2,43,1029.0,4.8C(80%)-4.8C-newstructure,1061,1061,0.82532436,True,True,-4.271781928623568,-1.7174947542893646,-0.00777834835139346,0.37364081219777295,-0.7838825610102407,1.0986638707070708,-0.08207105590062148,,33.919838924819175,10.03683833333295,4.8,80.0,4.8,4.8,new,1029.0,False,,True
b2c044,Batch 2,44,841.0,5.2C(58%)-4C-newstructure,874,874,0.82503617,True,True,-4.36452348032534,-1.6924552378239504,-0.008750572617170911,-0.2315999303131427,-1.106872968238788,1.0976287414141412,-0.029368394648827303,,33.96915338566803,10.04033000000054,5.2,58.0,4.0,4.803695150115474,new,841.0,False,,True
b2c045,Batch 2,45,997.0,5.6C(26%)-4.5C-newstructure,1027,1027,0.82734823,True,True,-4.175214949171005,-1.5739701648315778,-0.011157666285585534,-0.3301158834164389,-0.9304722417408056,1.1012188434343433,-0.08363886128364394,,35.27689483051215,10.040363333333516,5.6,26.0,4.5,4.8068669527897,new,997.0,False,,True
b2c046,Batch 2,46,503.0,4.8C(80%)-4.8C,523,523,0.82638663,True,True,-3.5088751328187002,-1.2768530822548958,-0.02283429863191323,-0.13392314074865622,-1.2034359823824068,1.102562018181818,0.019813492594363054,,29.84981627296423,10.169801666667142,4.8,80.0,4.8,4.8,standard,503.0,False,,True
b3c000,Batch 3,0,1009.0,5C(67%)-4C-newstructure,1008,1008,0.8804329,True,True,-4.245114870317645,-1.6324268476284225,-0.01010217739369119,-0.19512162119318677,-1.1718837880266881,1.0703864353535353,-0.015158867654081387,-0.0513054666666686,32.17311748654524,10.042381666666673,5.0,67.0,4.0,4.804804804804805,new,1009.0,False,,True
b3c001,Batch 3,1,1063.0,5.3C(54%)-4C-newstructure,1062,1062,0.8802734,True,True,-4.28554271039912,-1.6512245320053403,-0.009621018929360837,-0.2863695436051661,-1.1239942266253167,1.0677216717171716,-0.023035981844241504,-0.028171133333336137,34.825948205381735,10.041276666666574,5.3,54.0,4.0,4.7936687394007915,new,1063.0,False,,True
b3c002,Batch 3,2,1267.0,5.6C(19%)-4.6C-newstructure,1266,1266,0.88013124,True,True,-4.77938058992098,-2.063082393578989,-0.0026131423354832516,1.2545433007788651,1.9709436009412435,1.0620735151515153,-0.027150113075333365,-0.19727094444444565,36.78288218385256,10.043701666666312,5.6,19.0,4.6,4.803729603729604,new,,False,noisy_channel,False
b3c003,Batch 3,3,1115.0,5.6C(36%)-4.3C-newstructure,1114,1114,0.88058406,True,True,-4.116607770381197,-1.5712722684801177,-0.010705414352713173,-0.4795495922194519,-1.0204009571273698,1.0646530202020204,-0.01969855709507411,0.05792916666666481,36.06830316612221,10.04134666666602,5.6,36.0,4.3,4.8015952143569285,new,1115.0,False,,True
b3c004,Batch 3,4,1048.0,5.6C(19%)-4.6C-newstructure,1047,1047,0.88001466,True,True,-4.178465673149821,-1.6053684086049191,-0.01010643886890673,-0.4358594530739961,-1.108117428835132,1.0745377696969698,-0.011781070234111696,-0.020938722222222858,32.10085793038442,10.04579500000012,5.6,19.0,4.6,4.803729603729604,new,1048.0,False,,True
b3c005,Batch 3,5,828.0,5.6C(36%)-4.3C-newstructure,827,827,0.88066918,True,True,-4.114423974726586,-1.594395867927963,-0.011445765437692483,-0.16298210025008256,-1.284729377655977,1.0531571414141414,-0.0223792658066533,-0.10497842222221936,35.45367843309752,10.042009999999816,5.6,36.0,4.3,4.8015952143569285,new,828.0,False,,True
b3c006,Batch 3,6,667.0,3.7C(31%)-5.9C-newstructure,666,666,0.88052577,True,True,-3.5257081929454923,-1.2740749260804134,-0.028517561100453784,0.48315863084518784,-0.8670783975112881,1.053759712121212,-0.2030154196528047,0.272679611111111,34.10632121690864,10.077968333333168,3.7,31.0,5.9,4.795167490389896,new,667.0,False,,True
b3c007,Batch 3,7,1836.0,4.8C(80%)-4.8C-newstructure,1835,1835,0.88036358,True,True,-4.488742187967908,-1.768045874915885,-0.007037779014879844,-0.34078293270641924,-1.200764084320108,1.0701774252525253,-0.010694795349577794,0.00885824444444086,32.77304781483688,11.038663333333291,4.8,80.0,4.8,4.8,new,1836.0,False,,True
b3c008,Batch 3,8,828.0,5C(67%)-4C-newstructure,827,827,0.88094097,True,True,-4.091803757442373,-1.5710723604574097,-0.011806368426415048,-0.21507198874661293,-1.27915350756365,1.068006090909091,-0.013573261665870895,-0.07970926666666517,33.04390415335477,10.043123333332671,5.0,67.0,4.0,4.804804804804805,new,828.0,False,,True
b3c009,Batch 3,9,1039.0,5.3C(54%)-4C-newstructure,1038,1038,0.8801114,True,True,-3.982296953008088,-1.5290712116059078,-0.01447801181075607,-0.05584860799805731,-1.3472162794731597,1.0728593262626263,-0.00885433030736561,0.027078977777778707,33.07601025115482,10.041699999999643,5.3,54.0,4.0,4.7936687394007915,new,1039.0,False,,True
b3c010,Batch 3,10,1078.0,4.8C(80%)-4.8C-newstructure,1077,1077,0.88064086,True,True,-4.4113559240265765,-1.7191252386508329,-0.008335183582489896,-0.2449564866670881,-1.1918753068944838,1.06437858989899,-0.010829767478892402,-0.04500705555555637,32.50303224685033,11.038110000000112,4.8,80.0,4.8,4.8,new,1078.0,False,,True
b3c011,Batch 3,11,817.0,5.6C(19%)-4.6C-newstructure,816,816,0.88113368,True,True,-3.884921164468091,-1.4674064416533912,-0.015620691175653465,-0.14019258288482342,-1.2656063363142076,1.0698276717171717,-0.026095773212292422,-0.011838333333335019,34.19225857907117,10.04273000000006,5.6,19.0,4.6,4.803729603729604,new,817.0,False,,True
b3c012,Batch 3,12,932.0,5.6C(36%)-4.3C-newstructure,931,931,0.88080788,True,True,-3.9467899768101886,-1.4984625676823458,-0.01531489306361951,0.009007907579175856,-1.2833709230089114,1.0763353797979798,-0.014032981366455081,0.012474866666663947,33.212990713439474,10.042369999999938,5.6,36.0,4.3,4.8015952143569285,new,932.0,False,,True
b3c013,Batch 3,13,816.0,5.6C(19%)-4.6C-newstructure,815,815,0.88024569,True,True,-4.094466485311571,-1.5583663773653675,-0.01176548019743392,-0.25826873554691865,-1.1979388802958741,1.0687136323232325,-0.023632121356901185,-0.08765267777777891,34.15014439944665,10.04230333333253,5.6,19.0,4.6,4.803729603729604,new,816.0,False,,True
b3c014,Batch 3,14,858.0,5.6C(36%)-4.3C-newstructure,857,857,0.88065648,True,True,-3.999667694941731,-1.533393919034542,-0.013203557332650977,-0.19204286282934238,-1.3198368224743084,1.077015806060606,-0.007178810320115516,-0.016214199999999707,33.117643042164225,10.04188833333319,5.6,36.0,4.3,4.8015952143569285,new,858.0,False,,True
b3c015,Batch 3,15,876.0,5.9C(15%)-4.6C-newstructure,875,875,0.88058048,True,True,-4.000684421929468,-1.530408515674226,-0.013340330831580071,-0.15382378764959165,-1.2842654825214415,1.070546722222222,-0.01980556458034348,-0.03830924444444411,33.519794073997424,10.041688333333392,5.9,15.0,4.6,4.798232044198895,new,876.0,False,,True
b3c016,Batch 3,16,1638.0,4.8C(80%)-4.8C-newstructure,1637,1637,0.88014877,True,True,-4.694513499472995,-1.8712132821312482,-0.005323302354980101,-0.05327197818466717,-0.8886326372546569,1.0635088555555554,-0.01883284280936003,-0.07741967777777706,34.92888018020305,11.040201666666931,4.8,80.0,4.8,4.8,new,1638.0,False,,True
b3c017,Batch 3,17,1315.0,5.3C(54%)-4C-newstructure,1314,1314,0.88043362,True,True,-4.439713079764758,-1.7475744000986955,-0.007236216829825155,0.016698005314836766,-0.8152410862997628,1.067047807070707,-0.0014394919573181854,-0.09268679999999661,35.06723082368072,10.042456666666356,5.3,54.0,4.0,4.7936687394007915,new,1315.0,False,,True
b3c018,Batch 3,18,1146.0,5.6C(19%)-4.6C-newstructure,1145,1145,0.88003904,True,True,-4.254052001185467,-1.6297503059145464,-0.010342257243667845,-0.2289617001770088,-1.0571234004912051,1.0688689090909091,-0.03550209428253207,-0.015035744444445373,35.280443423631,10.043134999999891,5.6,19.0,4.6,4.803729603729604,new,1146.0,False,,True
b3c019,Batch 3,19,1155.0,5.6C(36%)-4.3C-newstructure,1154,1154,0.88007373,True,True,-4.171941874669042,-1.5969883629889903,-0.011545479663150093,-0.12087812859596625,-1.1118817229154592,1.0727208262626262,-0.03516108934543117,0.00207336666666752,35.08984138211982,10.043324999999944,5.6,36.0,4.3,4.8015952143569285,new,1155.0,False,,True
b3c020,Batch 3,20,813.0,5C(67%)-4C-newstructure,812,812,0.88059181,True,True,-4.066344693269561,-1.55172674423117,-0.011919383387319954,-0.33953004746091525,-1.182800467385303,1.067449897979798,-0.015147082337953756,0.003994666666664801,33.08547252807539,10.043170000000584,5.0,67.0,4.0,4.804804804804805,new,813.0,False,,True
b3c021,Batch 3,21,772.0,3.7C(31%)-5.9C-newstructure,771,771,0.8801983,True,True,-3.704326685729231,-1.363751396832805,-0.02353870422305198,0.506139744381752,-0.8460875667678058,1.0619781898989897,-0.16548362478101947,0.19381217777777493,34.91758897324508,10.075993333333464,3.7,31.0,5.9,4.795167490389896,new,772.0,False,,True
b3c022,Batch 3,22,1002.0,5.9C(60%)-3.1C-newstructure,1001,1001,0.88094068,True,True,-4.046822397094466,-1.5465390127724639,-0.013722550516362944,0.05292211155889781,-1.2689736256162139,1.0581549232323233,-0.02356435101130829,-0.09551923333333406,34.59704374758908,10.042931666666602,5.9,60.0,3.1,4.813157894736842,new,1002.0,False,,True
b3c023,Batch 3,23,,4.8C(80%)-4.8C-newstructure,2189,2189,0.93701142,True,True,-4.5437899541111975,-1.8066438474340383,-0.006808658684372332,0.10136130870698606,-1.037880715528602,1.0681112222222222,-0.0102433174072258,-0.03319588888888933,34.92553122413779,11.03776666666672,4.8,80.0,4.8,4.8,new,,False,noisy_channel,False
b3c024,Batch 3,24,825.0,5C(67%)-4C-newstructure,824,824,0.88021326,True,True,-4.155254994876533,-1.6060319403400782,-0.010345482795288031,-0.3357488064002481,-1.2618522100043654,1.050441208080808,-0.00021524765089544226,-0.08093565555555848,34.66968715351998,10.04188833333319,5.0,67.0,4.0,4.804804804804805,new,825.0,False,,True
b3c025,Batch 3,25,989.0,5.3C(54%)-4C-newstructure,988,988,0.88167018,True,True,-4.1465607447332715,-1.5755063124244277,-0.010925821646167616,-0.36635097992559806,-1.073334512646299,1.0648225050505051,-0.0029054260232526346,0.020855300000000715,35.56070366976667,10.04240666666689,5.3,54.0,4.0,4.7936687394007915,new,989.0,False,,True
b3c026,Batch 3,26,1028.0,5.6C(19%)-4.6C-newstructure,1027,1027,0.88023561,True,True,-4.219507413901045,-1.6165591632709488,-0.01013959278346487,-0.3421554787701476,-1.060483006313052,1.075112296969697,-0.00967586876891376,0.006350744444449247,35.727245788497406,10.042310000000482,5.6,19.0,4.6,4.803729603729604,new,1028.0,False,,True
b3c027,Batch 3,27,850.0,5.6C(36%)-4.3C-newstructure,849,849,0.88002509,True,True,-4.130132310934438,-1.575113615428363,-0.01070991087322853,-0.36115454159106597,-1.1141485878220703,1.0637090626262626,-0.013569039655998488,-0.01594696666666444,35.295789900273746,10.044954999999996,5.6,36.0,4.3,4.8015952143569285,new,850.0,False,,True
b3c028,Batch 3,28,541.0,3.7C(31%)-5.9C-newstructure,540,540,0.88010961,True,True,-3.451657893017001,-1.2378383926134868,-0.03025611921470947,0.2996423874831566,-0.9803013452957265,1.0445220202020202,-0.2047446169772244,0.38512591111111194,35.70887859265695,10.083603333333546,3.7,31.0,5.9,4.795167490389896,new,541.0,False,,True
b3c029,Batch 3,29,858.0,5.9C(15%)-4.6C-newstructure,857,857,0.88007307,True,True,-4.0635761002012085,-1.5387795593022975,-0.011300575148553208,-0.3484488624765838,-1.1797578358031433,1.0705002696969699,-0.008117663640707568,-0.11776571111110981,31.245662330516843,10.041565000000022,5.9,15.0,4.6,4.798232044198895,new,858.0,False,,True
b3c030,Batch 3,30,935.0,5.3C(54%)-4C-newstructure,934,934,0.88024825,True,True,-4.1002255467806545,-1.572884566577275,-0.011137570899382837,-0.3873119059789263,-1.1369092977243447,1.0717059313131312,-0.012096585443538588,-0.020149044444443473,32.21872935332666,10.043569999999212,5.3,54.0,4.0,4.7936687394007915,new,935.0,False,,True
b3c031,Batch 3,31,731.0,5.9C(60%)-3.1C-newstructure,730,730,0.88031369,True,True,-3.8396030254357147,-1.4483132816471656,-0.01635054856148944,-0.12085281622375785,-1.2916363144954703,1.0707996878787878,-0.017997998088857024,0.05005349999999756,33.99144536550202,10.045905000000491,5.9,60.0,3.1,4.813157894736842,new,731.0,False,,True
b3c032,Batch 3,32,,4.8C(80%)-4.8C-newstructure,2237,2237,0.97388279,True,True,-4.67335277212347,-1.994759393526108,-0.0032569008987653743,1.0891741891569438,1.7929159989428873,1.074329306060606,-0.015948668577792837,-0.1639253111111079,35.4421503912907,11.038458333333256,4.8,80.0,4.8,4.8,new,,False,noisy_channel,False
b3c033,Batch 3,33,1284.0,5C(67%)-4C-newstructure,1283,1283,0.88079751,True,True,-4.395898333073689,-1.7014541887150514,-0.00784867836178756,-0.42003516917202466,-1.0089250725849936,1.062159194949495,-0.01969605032648464,-0.08131105555555379,33.07998489148884,10.043294999999732,5.0,67.0,4.0,4.804804804804805,new,1284.0,False,,True
b3c034,Batch 3,34,1158.0,5.3C(54%)-4C-newstructure,1157,1157,0.88017184,True,True,-4.305659504591575,-1.6673617546311603,-0.00955200556777299,-0.184080259057273,-1.1558151157732177,1.063246013131313,-0.028922673992674806,-0.03418754444444588,35.77371585948215,10.043899999999848,5.3,54.0,4.0,4.7936687394007915,new,1158.0,False,,True
b3c035,Batch 3,35,1093.0,5.6C(19%)-4.6C-newstructure,1092,1092,0.88011736,True,True,-4.234858289724564,-1.6377423618849243,-0.009826425701495065,-0.29633616843670796,-1.1528187004497665,1.0644993393939395,-0.025849850294628843,-0.04915107777778149,35.535286440181864,10.043591666666424,5.6,19.0,4.6,4.803729603729604,new,1093.0,False,,True
b3c036,Batch 3,36,923.0,5.6C(36%)-4.3C-newstructure,922,922,0.88060242,True,True,-4.253457920681209,-1.638615703681635,-0.009908357469924613,-0.2511211297987007,-1.096826456193566,1.0593632474747476,-0.03125922599140193,-0.06239752222221909,35.86413922237587,10.04348499999954,5.6,36.0,4.3,4.8015952143569285,new,923.0,False,,True
b3c037,Batch 3,37,1390.0,4.8C(80%)-4.8C-newstructure,1389,1389,0.88049883,True,True,-5.098855849397497,-2.073666661884879,-0.001076797766325731,1.1322714142646193,3.418979133308129,1.049442304040404,-0.01105498327758438,-0.07412761111111332,35.084601469110574,11.038366666666844,4.8,80.0,4.8,4.8,new,,False,noisy_channel,False
b3c038,Batch 3,38,1935.0,5C(67%)-4C-newstructure,1934,1934,0.88000458,True,True,-4.342053043792284,-1.695789490226726,-0.008693083372975452,-0.054164715839684595,-1.1768867699503416,1.0719827515151514,-0.014649939480808786,-0.08123378888888824,34.74602722470309,10.043544999999964,5.0,67.0,4.0,4.804804804804805,new,1935.0,False,,True
b3c039,Batch 3,39,1156.0,5.3C(54%)-4C-newstructure,1155,1155,0.88043225,True,True,-4.454635076566319,-1.758007558315108,-0.006428438589560583,-0.29253860298053624,-1.003013467519955,1.0505830505050504,-0.018707799012584285,-0.06683183333333273,33.86692809974586,10.043549999999716,5.3,54.0,4.0,4.7936687394007915,new,1156.0,False,,True
b3c040,Batch 3,40,796.0,5.6C(19%)-4.6C-newstructure,795,795,0.88070726,True,True,-4.29510827493732,-1.6565166769039124,-0.009078861478925766,-0.3154308934543946,-1.138512905318865,1.062999387878788,-0.020118948877211235,-0.18763142222222653,34.03152142327656,10.043501666666511,5.6,19.0,4.6,4.803729603729604,new,796.0,False,,True
b3c041,Batch 3,41,786.0,5.6C(36%)-4.3C-newstructure,785,785,0.88062328,True,True,-4.2195093707566445,-1.6163103876714375,-0.009748050525024678,-0.3571335569959481,-1.0631301344503463,1.0543741434343434,0.0001185332059233816,-0.21858340000000323,33.623107492407975,10.043064999999965,5.6,36.0,4.3,4.8015952143569285,new,786.0,False,,True
b3c042,Batch 3,42,1642.0,4.8C(80%)-4.8C-newstructure,1641,1641,0.88037544,True,True,-4.346194685061839,-2.2510534698891034,0.0007845194706261452,1.9865716779366551,2.920243475376372,1.0695203565656566,-0.005098993470295927,-0.46330559999999826,32.864131481685966,11.03834666666662,4.8,80.0,4.8,4.8,new,,False,noisy_channel,False
b3c043,Batch 3,43,1046.0,5C(67%)-4C-newstructure,1045,1045,0.88060749,True,True,-4.316748020025344,-1.8868458094603582,-0.003266056933426803,0.9693080270592709,0.8468128841852711,1.0728844272727274,-0.004090297818114955,-0.15770862222222112,33.69879575084625,10.043633333332645,5.0,67.0,4.0,4.804804804804805,new,,False,noisy_channel,False
b3c044,Batch 3,44,940.0,5.3C(54%)-4C-newstructure,939,939,0.88046378,True,True,-4.131495522376496,-1.5852750745744224,-0.011231061096491921,-0.2446163658848556,-1.2383958928034313,1.07331738989899,-0.006090893454368963,-0.03148534444444989,33.33060419549598,10.043413333332865,5.3,54.0,4.0,4.7936687394007915,new,940.0,False,,True
b3c045,Batch 3,45,1801.0,4.8C(80%)-4.8C-newstructure,1800,1800,0.88047254,True,True,-4.5208508005857535,-1.7830965362089448,-0.007131752461986142,-0.32814304597836497,-1.1771286021323724,1.0714658575757574,-0.0056295301799580665,-0.034317333333328676,32.71034965693371,11.03800666666648,4.8,80.0,4.8,4.8,new,1801.0,False,,True
