id,family,model,feature_set,params,n_features,selectable,cv_mean,cv_std,cv_se
M2_ElasticNet_F1_capacity_039,M2,ElasticNet,F1_capacity,"alpha=0.001, l1_ratio=0.9",3,True,7.3281,2.4238,0.4848
M2_ElasticNet_F1_capacity_040,M2,ElasticNet,F1_capacity,"alpha=0.003, l1_ratio=0.1",3,True,7.3305,2.387,0.4774
M2_ElasticNet_F1_capacity_038,M2,ElasticNet,F1_capacity,"alpha=0.001, l1_ratio=0.5",3,True,7.332,2.3958,0.4792
M2_ElasticNet_F1_capacity_036,M2,ElasticNet,F1_capacity,"alpha=0.0003, l1_ratio=0.9",3,True,7.3413,2.3815,0.4763
M2_ElasticNet_F1_capacity_043,M2,ElasticNet,F1_capacity,"alpha=0.01, l1_ratio=0.1",3,True,7.3416,2.4462,0.4892
M2_ElasticNet_F1_capacity_041,M2,ElasticNet,F1_capacity,"alpha=0.003, l1_ratio=0.5",3,True,7.3417,2.4738,0.4948
M2_ElasticNet_F1_capacity_037,M2,ElasticNet,F1_capacity,"alpha=0.001, l1_ratio=0.1",3,True,7.3445,2.374,0.4748
M2_ElasticNet_F1_capacity_035,M2,ElasticNet,F1_capacity,"alpha=0.0003, l1_ratio=0.5",3,True,7.3455,2.3758,0.4752
M2_ElasticNet_F1_capacity_034,M2,ElasticNet,F1_capacity,"alpha=0.0003, l1_ratio=0.1",3,True,7.3498,2.371,0.4742
M2_ElasticNet_F1_capacity_042,M2,ElasticNet,F1_capacity,"alpha=0.003, l1_ratio=0.9",3,True,7.4191,2.6205,0.5241
M3_Huber_F1_capacity_055,M3,Huber,F1_capacity,"epsilon=1.75, alpha=0.0001",3,True,7.4819,2.2859,0.4572
M3_Huber_F1_capacity_056,M3,Huber,F1_capacity,"epsilon=1.75, alpha=0.01",3,True,7.482,2.2858,0.4572
M3_Huber_F1_capacity_057,M3,Huber,F1_capacity,"epsilon=1.75, alpha=0.1",3,True,7.4823,2.2853,0.4571
M4_GaussianProcess_F1_capacity_058,M4,GaussianProcess,F1_capacity,linear+RBF+noise,3,True,7.6821,3.2507,0.6501
M2_ElasticNet_F1_capacity_046,M2,ElasticNet,F1_capacity,"alpha=0.03, l1_ratio=0.1",3,True,7.7733,2.8698,0.574
M3_Huber_F1_capacity_052,M3,Huber,F1_capacity,"epsilon=1.35, alpha=0.0001",3,True,7.8399,2.2521,0.4504
M3_Huber_F1_capacity_053,M3,Huber,F1_capacity,"epsilon=1.35, alpha=0.01",3,True,7.8399,2.2521,0.4504
M3_Huber_F1_capacity_054,M3,Huber,F1_capacity,"epsilon=1.35, alpha=0.1",3,True,7.84,2.2522,0.4504
M2_ElasticNet_F1_capacity_044,M2,ElasticNet,F1_capacity,"alpha=0.01, l1_ratio=0.5",3,True,7.8783,3.1146,0.6229
M2_ElasticNet_F1_capacity_045,M2,ElasticNet,F1_capacity,"alpha=0.01, l1_ratio=0.9",3,True,8.5679,3.6568,0.7314
M2_ElasticNet_F1_capacity_049,M2,ElasticNet,F1_capacity,"alpha=0.1, l1_ratio=0.1",3,True,9.6994,4.2823,0.8565
M2_ElasticNet_F1_capacity_047,M2,ElasticNet,F1_capacity,"alpha=0.03, l1_ratio=0.5",3,True,9.7117,4.6057,0.9211
M2_ElasticNet_F2_full_074,M2,ElasticNet,F2_full,"alpha=0.003, l1_ratio=0.9",5,True,10.2606,5.5709,1.1142
M2_ElasticNet_F2_full_073,M2,ElasticNet,F2_full,"alpha=0.003, l1_ratio=0.5",5,True,10.3335,5.5588,1.1118
M2_ElasticNet_F2_full_075,M2,ElasticNet,F2_full,"alpha=0.01, l1_ratio=0.1",5,True,10.4068,5.5756,1.1151
M2_ElasticNet_F2_full_079,M2,ElasticNet,F2_full,"alpha=0.03, l1_ratio=0.5",5,True,10.4281,4.4867,0.8973
M2_ElasticNet_F2_full_071,M2,ElasticNet,F2_full,"alpha=0.001, l1_ratio=0.9",5,True,10.4512,5.5439,1.1088
M2_ElasticNet_F2_full_076,M2,ElasticNet,F2_full,"alpha=0.01, l1_ratio=0.5",5,True,10.5248,5.4239,1.0848
M2_ElasticNet_F2_full_070,M2,ElasticNet,F2_full,"alpha=0.001, l1_ratio=0.5",5,True,10.5557,5.5246,1.1049
M2_ElasticNet_F3_full_policy_111,M2,ElasticNet,F3_full_policy,"alpha=0.03, l1_ratio=0.5",7,False,10.5726,4.6385,0.9277
M2_ElasticNet_F3_full_policy_109,M2,ElasticNet,F3_full_policy,"alpha=0.01, l1_ratio=0.9",7,False,10.592,4.2768,0.8554
M2_ElasticNet_F2_full_072,M2,ElasticNet,F2_full,"alpha=0.003, l1_ratio=0.1",5,True,10.5958,5.5237,1.1047
M2_ElasticNet_F2_full_068,M2,ElasticNet,F2_full,"alpha=0.0003, l1_ratio=0.9",5,True,10.63,5.506,1.1012
M2_ElasticNet_F2_full_078,M2,ElasticNet,F2_full,"alpha=0.03, l1_ratio=0.1",5,True,10.6487,5.4858,1.0972
M2_ElasticNet_F2_full_067,M2,ElasticNet,F2_full,"alpha=0.0003, l1_ratio=0.5",5,True,10.6662,5.4984,1.0997
M4_GaussianProcess_F2_full_090,M4,GaussianProcess,F2_full,linear+RBF+noise,5,True,10.6677,5.6147,1.1229
M2_ElasticNet_F2_full_069,M2,ElasticNet,F2_full,"alpha=0.001, l1_ratio=0.1",5,True,10.6733,5.5003,1.1001
M1_Linear_F0_variance_001,M1,Linear,F0_variance,,1,True,10.6998,3.8006,0.7601
M2_ElasticNet_F0_variance_002,M2,ElasticNet,F0_variance,"alpha=0.0003, l1_ratio=0.1",1,True,10.7001,3.805,0.761
M2_ElasticNet_F0_variance_005,M2,ElasticNet,F0_variance,"alpha=0.001, l1_ratio=0.1",1,True,10.7009,3.8152,0.763
M2_ElasticNet_F0_variance_003,M2,ElasticNet,F0_variance,"alpha=0.0003, l1_ratio=0.5",1,True,10.7014,3.8145,0.7629
M2_ElasticNet_F0_variance_004,M2,ElasticNet,F0_variance,"alpha=0.0003, l1_ratio=0.9",1,True,10.7027,3.824,0.7648
M2_ElasticNet_F2_full_066,M2,ElasticNet,F2_full,"alpha=0.0003, l1_ratio=0.1",5,True,10.703,5.491,1.0982
M2_ElasticNet_F0_variance_008,M2,ElasticNet,F0_variance,"alpha=0.003, l1_ratio=0.1",1,True,10.7034,3.8442,0.7688
M2_ElasticNet_F0_variance_006,M2,ElasticNet,F0_variance,"alpha=0.001, l1_ratio=0.5",1,True,10.7053,3.8469,0.7694
M2_ElasticNet_F0_variance_007,M2,ElasticNet,F0_variance,"alpha=0.001, l1_ratio=0.9",1,True,10.7103,3.8779,0.7756
M2_ElasticNet_F0_variance_011,M2,ElasticNet,F0_variance,"alpha=0.01, l1_ratio=0.1",1,True,10.7142,3.9439,0.7888
M2_ElasticNet_F0_variance_009,M2,ElasticNet,F0_variance,"alpha=0.003, l1_ratio=0.5",1,True,10.7184,3.9378,0.7876
M2_ElasticNet_F0_variance_010,M2,ElasticNet,F0_variance,"alpha=0.003, l1_ratio=0.9",1,True,10.7331,4.0335,0.8067
M3_Huber_F0_variance_025,M3,Huber,F0_variance,"epsilon=1.75, alpha=0.1",1,True,10.7433,3.826,0.7652
M3_Huber_F0_variance_024,M3,Huber,F0_variance,"epsilon=1.75, alpha=0.01",1,True,10.7434,3.825,0.765
M3_Huber_F0_variance_023,M3,Huber,F0_variance,"epsilon=1.75, alpha=0.0001",1,True,10.7434,3.8249,0.765
M3_Huber_F2_full_089,M3,Huber,F2_full,"epsilon=1.75, alpha=0.1",5,True,10.7515,5.4056,1.0811
M3_Huber_F2_full_088,M3,Huber,F2_full,"epsilon=1.75, alpha=0.01",5,True,10.7524,5.4052,1.081
M3_Huber_F2_full_087,M3,Huber,F2_full,"epsilon=1.75, alpha=0.0001",5,True,10.7525,5.4051,1.081
M2_ElasticNet_F0_variance_014,M2,ElasticNet,F0_variance,"alpha=0.03, l1_ratio=0.1",1,True,10.7599,4.2253,0.8451
M2_ElasticNet_F2_full_077,M2,ElasticNet,F2_full,"alpha=0.01, l1_ratio=0.9",5,True,10.7625,4.8993,0.9799
M2_ElasticNet_F0_variance_012,M2,ElasticNet,F0_variance,"alpha=0.01, l1_ratio=0.5",1,True,10.7735,4.2602,0.852
M2_ElasticNet_F0_variance_013,M2,ElasticNet,F0_variance,"alpha=0.01, l1_ratio=0.9",1,True,10.8651,4.5692,0.9138
M2_ElasticNet_F3_full_policy_106,M2,ElasticNet,F3_full_policy,"alpha=0.003, l1_ratio=0.9",7,False,10.8665,5.5144,1.1029
M3_Huber_F0_variance_022,M3,Huber,F0_variance,"epsilon=1.35, alpha=0.1",1,True,10.8911,4.0014,0.8003
M3_Huber_F0_variance_021,M3,Huber,F0_variance,"epsilon=1.35, alpha=0.01",1,True,10.8916,4.0007,0.8001
M3_Huber_F0_variance_020,M3,Huber,F0_variance,"epsilon=1.35, alpha=0.0001",1,True,10.8916,4.0006,0.8001
M3_Huber_F2_full_086,M3,Huber,F2_full,"epsilon=1.35, alpha=0.1",5,True,10.908,5.3916,1.0783
M3_Huber_F2_full_085,M3,Huber,F2_full,"epsilon=1.35, alpha=0.01",5,True,10.9087,5.391,1.0782
M3_Huber_F2_full_084,M3,Huber,F2_full,"epsilon=1.35, alpha=0.0001",5,True,10.9088,5.3909,1.0782
M2_ElasticNet_F3_full_policy_113,M2,ElasticNet,F3_full_policy,"alpha=0.1, l1_ratio=0.1",7,False,10.909,5.0249,1.005
M2_ElasticNet_F3_full_policy_105,M2,ElasticNet,F3_full_policy,"alpha=0.003, l1_ratio=0.5",7,False,10.9407,5.6878,1.1376
M2_ElasticNet_F3_full_policy_108,M2,ElasticNet,F3_full_policy,"alpha=0.01, l1_ratio=0.5",7,False,10.9778,4.9813,0.9963
M2_ElasticNet_F3_full_policy_107,M2,ElasticNet,F3_full_policy,"alpha=0.01, l1_ratio=0.1",7,False,11.0033,5.7639,1.1528
M2_ElasticNet_F3_full_policy_103,M2,ElasticNet,F3_full_policy,"alpha=0.001, l1_ratio=0.9",7,False,11.0754,5.709,1.1418
M2_ElasticNet_F3_full_policy_110,M2,ElasticNet,F3_full_policy,"alpha=0.03, l1_ratio=0.1",7,False,11.0866,5.4006,1.0801
M2_ElasticNet_F3_full_policy_102,M2,ElasticNet,F3_full_policy,"alpha=0.001, l1_ratio=0.5",7,False,11.214,5.7066,1.1413
M2_ElasticNet_F3_full_policy_104,M2,ElasticNet,F3_full_policy,"alpha=0.003, l1_ratio=0.1",7,False,11.2655,5.7131,1.1426
M2_ElasticNet_F3_full_policy_100,M2,ElasticNet,F3_full_policy,"alpha=0.0003, l1_ratio=0.9",7,False,11.3155,5.6879,1.1376
M2_ElasticNet_F0_variance_015,M2,ElasticNet,F0_variance,"alpha=0.03, l1_ratio=0.5",1,True,11.3521,5.0829,1.0166
M2_ElasticNet_F3_full_policy_099,M2,ElasticNet,F3_full_policy,"alpha=0.0003, l1_ratio=0.5",7,False,11.3671,5.6803,1.1361
M2_ElasticNet_F3_full_policy_101,M2,ElasticNet,F3_full_policy,"alpha=0.001, l1_ratio=0.1",7,False,11.3781,5.6828,1.1366
M2_ElasticNet_F3_full_policy_098,M2,ElasticNet,F3_full_policy,"alpha=0.0003, l1_ratio=0.1",7,False,11.4213,5.6722,1.1344
M2_ElasticNet_F2_full_081,M2,ElasticNet,F2_full,"alpha=0.1, l1_ratio=0.1",5,True,11.4451,4.5338,0.9068
M4_GaussianProcess_F0_variance_026,M4,GaussianProcess,F0_variance,linear+RBF+noise,1,True,11.5117,3.954,0.7908
M2_ElasticNet_F0_variance_017,M2,ElasticNet,F0_variance,"alpha=0.1, l1_ratio=0.1",1,True,11.5209,4.9618,0.9924
M4_GaussianProcess_F3_full_policy_122,M4,GaussianProcess,F3_full_policy,linear+RBF+noise,7,False,11.5554,6.096,1.2192
M3_Huber_F3_full_policy_121,M3,Huber,F3_full_policy,"epsilon=1.75, alpha=0.1",7,False,11.5767,5.5987,1.1197
M3_Huber_F3_full_policy_120,M3,Huber,F3_full_policy,"epsilon=1.75, alpha=0.01",7,False,11.5788,5.5978,1.1196
M3_Huber_F3_full_policy_119,M3,Huber,F3_full_policy,"epsilon=1.75, alpha=0.0001",7,False,11.579,5.5977,1.1195
M3_Huber_F3_full_policy_118,M3,Huber,F3_full_policy,"epsilon=1.35, alpha=0.1",7,False,11.8435,5.5271,1.1054
M3_Huber_F3_full_policy_117,M3,Huber,F3_full_policy,"epsilon=1.35, alpha=0.01",7,False,11.8459,5.5259,1.1052
M3_Huber_F3_full_policy_116,M3,Huber,F3_full_policy,"epsilon=1.35, alpha=0.0001",7,False,11.8461,5.5258,1.1052
M2_ElasticNet_F1_capacity_048,M2,ElasticNet,F1_capacity,"alpha=0.03, l1_ratio=0.9",3,True,12.1288,6.0931,1.2186
M2_ElasticNet_F2_full_080,M2,ElasticNet,F2_full,"alpha=0.03, l1_ratio=0.9",5,True,12.1489,6.0775,1.2155
M2_ElasticNet_F3_full_policy_112,M2,ElasticNet,F3_full_policy,"alpha=0.03, l1_ratio=0.9",7,False,12.4176,6.0112,1.2022
M2_ElasticNet_F0_variance_016,M2,ElasticNet,F0_variance,"alpha=0.03, l1_ratio=0.9",1,True,12.5492,5.8851,1.177
M5_RandomForest_F1_capacity_063,M5,RandomForest,F1_capacity,"max_depth=None, min_leaf=2",3,True,13.15,8.2104,1.6421
M5_RandomForest_F1_capacity_061,M5,RandomForest,F1_capacity,"max_depth=3, min_leaf=2",3,True,13.2661,8.195,1.639
M5_RandomForest_F0_variance_027,M5,RandomForest,F0_variance,"max_depth=2, min_leaf=2",1,True,13.267,7.2938,1.4588
M5_RandomForest_F0_variance_029,M5,RandomForest,F0_variance,"max_depth=3, min_leaf=2",1,True,13.3017,7.5437,1.5087
M5_RandomForest_F0_variance_031,M5,RandomForest,F0_variance,"max_depth=None, min_leaf=2",1,True,13.4872,7.5432,1.5086
M5_RandomForest_F1_capacity_059,M5,RandomForest,F1_capacity,"max_depth=2, min_leaf=2",3,True,13.7792,8.1139,1.6228
M5_RandomForest_F2_full_093,M5,RandomForest,F2_full,"max_depth=3, min_leaf=2",5,True,14.3947,7.6978,1.5396
M5_RandomForest_F2_full_095,M5,RandomForest,F2_full,"max_depth=None, min_leaf=2",5,True,14.4084,7.6917,1.5383
M5_RandomForest_F2_full_091,M5,RandomForest,F2_full,"max_depth=2, min_leaf=2",5,True,14.5034,7.7451,1.549
M5_RandomForest_F3_full_policy_123,M5,RandomForest,F3_full_policy,"max_depth=2, min_leaf=2",7,False,15.0874,8.6534,1.7307
M5_RandomForest_F3_full_policy_125,M5,RandomForest,F3_full_policy,"max_depth=3, min_leaf=2",7,False,15.2921,8.6246,1.7249
M5_RandomForest_F3_full_policy_127,M5,RandomForest,F3_full_policy,"max_depth=None, min_leaf=2",7,False,15.2969,8.6296,1.7259
M5_LightGBM_F3_full_policy_129,M5,LightGBM,F3_full_policy,"depth=2, leaves=4, lr=0.03, n=300",7,False,15.5171,8.0579,1.6116
M5_RandomForest_F0_variance_028,M5,RandomForest,F0_variance,"max_depth=2, min_leaf=4",1,True,15.8524,8.2856,1.6571
M5_RandomForest_F0_variance_032,M5,RandomForest,F0_variance,"max_depth=None, min_leaf=4",1,True,15.8838,8.281,1.6562
M5_RandomForest_F0_variance_030,M5,RandomForest,F0_variance,"max_depth=3, min_leaf=4",1,True,15.8839,8.2811,1.6562
M5_LightGBM_F1_capacity_065,M5,LightGBM,F1_capacity,"depth=2, leaves=4, lr=0.03, n=300",3,True,15.9058,9.3092,1.8618
M2_ElasticNet_F0_variance_018,M2,ElasticNet,F0_variance,"alpha=0.1, l1_ratio=0.5",1,True,15.9542,7.3319,1.4664
M2_ElasticNet_F2_full_082,M2,ElasticNet,F2_full,"alpha=0.1, l1_ratio=0.5",5,True,15.9542,7.3319,1.4664
M2_ElasticNet_F1_capacity_050,M2,ElasticNet,F1_capacity,"alpha=0.1, l1_ratio=0.5",3,True,15.9542,7.3319,1.4664
M5_LightGBM_F0_variance_033,M5,LightGBM,F0_variance,"depth=2, leaves=4, lr=0.03, n=300",1,True,16.0618,8.343,1.6686
M5_RandomForest_F2_full_096,M5,RandomForest,F2_full,"max_depth=None, min_leaf=4",5,True,16.0944,8.2465,1.6493
M5_RandomForest_F2_full_094,M5,RandomForest,F2_full,"max_depth=3, min_leaf=4",5,True,16.0947,8.2464,1.6493
M2_ElasticNet_F3_full_policy_114,M2,ElasticNet,F3_full_policy,"alpha=0.1, l1_ratio=0.5",7,False,16.1064,7.3383,1.4677
M5_LightGBM_F2_full_097,M5,LightGBM,F2_full,"depth=2, leaves=4, lr=0.03, n=300",5,True,16.1265,7.2786,1.4557
M5_RandomForest_F3_full_policy_128,M5,RandomForest,F3_full_policy,"max_depth=None, min_leaf=4",7,False,16.1546,8.6881,1.7376
M5_RandomForest_F3_full_policy_126,M5,RandomForest,F3_full_policy,"max_depth=3, min_leaf=4",7,False,16.1547,8.6878,1.7376
M5_RandomForest_F2_full_092,M5,RandomForest,F2_full,"max_depth=2, min_leaf=4",5,True,16.1736,8.2201,1.644
M5_RandomForest_F1_capacity_064,M5,RandomForest,F1_capacity,"max_depth=None, min_leaf=4",3,True,16.185,8.4955,1.6991
M5_RandomForest_F1_capacity_062,M5,RandomForest,F1_capacity,"max_depth=3, min_leaf=4",3,True,16.185,8.4957,1.6991
M5_RandomForest_F3_full_policy_124,M5,RandomForest,F3_full_policy,"max_depth=2, min_leaf=4",7,False,16.205,8.6473,1.7295
M5_RandomForest_F1_capacity_060,M5,RandomForest,F1_capacity,"max_depth=2, min_leaf=4",3,True,16.2687,8.4873,1.6975
M2_ElasticNet_F2_full_083,M2,ElasticNet,F2_full,"alpha=0.1, l1_ratio=0.9",5,True,20.404,9.2307,1.8461
M2_ElasticNet_F1_capacity_051,M2,ElasticNet,F1_capacity,"alpha=0.1, l1_ratio=0.9",3,True,20.404,9.2307,1.8461
M2_ElasticNet_F0_variance_019,M2,ElasticNet,F0_variance,"alpha=0.1, l1_ratio=0.9",1,True,20.404,9.2307,1.8461
M2_ElasticNet_F3_full_policy_115,M2,ElasticNet,F3_full_policy,"alpha=0.1, l1_ratio=0.9",7,False,20.404,9.2307,1.8461
M0_Median_F0_variance_000,M0,Median,F0_variance,,0,True,24.6061,9.7184,1.9437
