id,family,model,feature_set,params,n_features,selectable,cv_mean,cv_std,cv_se,label
M1_Linear_F0_variance_001,M1,Linear,F0_variance,,1,True,10.7,3.801,0.76,M1 Linear
M2_ElasticNet_F0_variance_002,M2,ElasticNet,F0_variance,"alpha=0.0003, l1_ratio=0.1",1,True,10.7,3.805,0.761,M2 ElasticNet
M2_ElasticNet_F1_capacity_039,M2,ElasticNet,F1_capacity,"alpha=0.001, l1_ratio=0.9",3,True,7.328,2.424,0.485,M2 ElasticNet
M2_ElasticNet_F2_full_074,M2,ElasticNet,F2_full,"alpha=0.003, l1_ratio=0.9",5,True,10.261,5.571,1.114,M2 ElasticNet
M2_ElasticNet_F3_full_policy_111,M2,ElasticNet,F3_full_policy,"alpha=0.03, l1_ratio=0.5",7,False,10.573,4.638,0.928,M2 ElasticNet
M3_Huber_F0_variance_025,M3,Huber,F0_variance,"epsilon=1.75, alpha=0.1",1,True,10.743,3.826,0.765,M3 Huber
M3_Huber_F1_capacity_055,M3,Huber,F1_capacity,"epsilon=1.75, alpha=0.0001",3,True,7.482,2.286,0.457,M3 Huber
M3_Huber_F2_full_089,M3,Huber,F2_full,"epsilon=1.75, alpha=0.1",5,True,10.751,5.406,1.081,M3 Huber
M3_Huber_F3_full_policy_121,M3,Huber,F3_full_policy,"epsilon=1.75, alpha=0.1",7,False,11.577,5.599,1.12,M3 Huber
M4_GaussianProcess_F0_variance_026,M4,GaussianProcess,F0_variance,linear+RBF+noise,1,True,11.512,3.954,0.791,M4 GaussianProcess
M4_GaussianProcess_F1_capacity_058,M4,GaussianProcess,F1_capacity,linear+RBF+noise,3,True,7.682,3.251,0.65,M4 GaussianProcess
M4_GaussianProcess_F2_full_090,M4,GaussianProcess,F2_full,linear+RBF+noise,5,True,10.668,5.615,1.123,M4 GaussianProcess
M4_GaussianProcess_F3_full_policy_122,M4,GaussianProcess,F3_full_policy,linear+RBF+noise,7,False,11.555,6.096,1.219,M4 GaussianProcess
M5_LightGBM_F0_variance_033,M5,LightGBM,F0_variance,"depth=2, leaves=4, lr=0.03, n=300",1,True,16.062,8.343,1.669,M5 LightGBM
M5_LightGBM_F1_capacity_065,M5,LightGBM,F1_capacity,"depth=2, leaves=4, lr=0.03, n=300",3,True,15.906,9.309,1.862,M5 LightGBM
M5_LightGBM_F2_full_097,M5,LightGBM,F2_full,"depth=2, leaves=4, lr=0.03, n=300",5,True,16.127,7.279,1.456,M5 LightGBM
M5_LightGBM_F3_full_policy_129,M5,LightGBM,F3_full_policy,"depth=2, leaves=4, lr=0.03, n=300",7,False,15.517,8.058,1.612,M5 LightGBM
M5_RandomForest_F0_variance_027,M5,RandomForest,F0_variance,"max_depth=2, min_leaf=2",1,True,13.267,7.294,1.459,M5 RandomForest
M5_RandomForest_F1_capacity_063,M5,RandomForest,F1_capacity,"max_depth=None, min_leaf=2",3,True,13.15,8.21,1.642,M5 RandomForest
M5_RandomForest_F2_full_093,M5,RandomForest,F2_full,"max_depth=3, min_leaf=2",5,True,14.395,7.698,1.54,M5 RandomForest
M5_RandomForest_F3_full_policy_123,M5,RandomForest,F3_full_policy,"max_depth=2, min_leaf=2",7,False,15.087,8.653,1.731,M5 RandomForest
